<?xml version="1.0" encoding="UTF-8"?>
<project-private xmlns="http://www.netbeans.org/ns/project-private/1">
    <editor-bookmarks xmlns="http://www.netbeans.org/ns/editor-bookmarks/2" lastBookmarkId="0"/>
    <open-files xmlns="http://www.netbeans.org/ns/projectui-open-files/2">
        <group>
            <file>file:/Users/Bernardo/Desktop/EmpleadoHerencia/src/empleadoherencia/Empleado.java</file>
            <file>file:/Users/Bernardo/Desktop/EmpleadoHerencia/src/empleadoherencia/EmpleadoHerencia.java</file>
            <file>file:/Users/Bernardo/Desktop/EmpleadoHerencia/src/empleadoherencia/Administrativo.java</file>
            <file>file:/Users/Bernardo/Desktop/EmpleadoHerencia/src/empleadoherencia/Vendedor.java</file>
        </group>
    </open-files>
</project-private>
